"Path","LiveBeforeSHA256","IsolatedAfterSHA256","LiveAfterSHA256","LiveGitStatusBefore","LiveGitStatusAfter","CopiedHashMatches"
"Source/T66/Gameplay/T66EnemyDirector.cpp","34C3B558B0A8CED76E84CC9981722C9991BEB32943B5392898F6CF287C202636","A304CCF18580280541246AF136A6700A6AE2FAABE0C28521F0FC343291144FAF","A304CCF18580280541246AF136A6700A6AE2FAABE0C28521F0FC343291144FAF"," M Source/T66/Gameplay/T66EnemyDirector.cpp"," M Source/T66/Gameplay/T66EnemyDirector.cpp","True"
"Source/T66/Gameplay/T66MobBase.h","6BA857A382BF63A17EC95744F00C127DDAB79A5A8F2CD077E5B0FED9E5D6A791","71DBCBD060F52AD92ECBD43F6F6A3EB8308BCF8EFF01039E807C3580E98AD75F","71DBCBD060F52AD92ECBD43F6F6A3EB8308BCF8EFF01039E807C3580E98AD75F","","","True"
"Source/T66/Gameplay/T66MobBase.cpp","AF279DF0748CCF765DEE275C4F459DC480A1A4560CAE477C4BA74E2300D86426","C3AF8A86BC6B87E017CEE5FCAD577813EE51864C5E2DF2E1592902B7306E52CD","C3AF8A86BC6B87E017CEE5FCAD577813EE51864C5E2DF2E1592902B7306E52CD","","","True"
"Source/T66/Gameplay/T66MobManagerSubsystem.h","3A034BAE5E07BDFF5D2488A6E50051392CD0F330F428DA4534E8C04F23F14D14","E00988E839505E48F9002D12E8C3DA6313E484047A03D33A4527C24D20CBAA23","E00988E839505E48F9002D12E8C3DA6313E484047A03D33A4527C24D20CBAA23","","","True"
"Source/T66/Gameplay/T66MobManagerSubsystem.cpp","5E3FC414BF0D229A6EE1226C3D5D4CE53DA6DD1E2C7F6E4F6A9C097C8832B709","493D1FA1A71892C85AD1B682910917B51A40B2247B7E58DDDC9C193982949A01","493D1FA1A71892C85AD1B682910917B51A40B2247B7E58DDDC9C193982949A01","","","True"
"Source/T66/Gameplay/GameMode/T66GameMode_Tower.cpp","8E2184EDFA95482FD3DA67B1659000A9BBDB79DDB1023EAE6B0D31EFB8F6175A","75810FC3021450C6D4DBAB6376B7175A19B937F595E6C8301CF96EE2A650A769","75810FC3021450C6D4DBAB6376B7175A19B937F595E6C8301CF96EE2A650A769"," M Source/T66/Gameplay/GameMode/T66GameMode_Tower.cpp"," M Source/T66/Gameplay/GameMode/T66GameMode_Tower.cpp","True"
"Source/T66/Gameplay/T66TowerDescentHole.h","007CCA37A3AEDD572B6C9374FA307DB6A749C381A2724A685EAAA28C8F0B9E10","FEF8CB1D8868A7DAF810145B9EC3B315C1353BC20CEFD5EC57A33F7E1295246C","FEF8CB1D8868A7DAF810145B9EC3B315C1353BC20CEFD5EC57A33F7E1295246C"," M Source/T66/Gameplay/T66TowerDescentHole.h"," M Source/T66/Gameplay/T66TowerDescentHole.h","True"
"Source/T66/Gameplay/T66TowerDescentHole.cpp","89833EF2A71F9B88D93F5AFC77054367CFDFD370CDBBF239D697DCD6F3E49748","2C3FBCDF0991712926942BF25E2C88095F958C89C88A2B09B5CE0A21F891E415","2C3FBCDF0991712926942BF25E2C88095F958C89C88A2B09B5CE0A21F891E415",""," M Source/T66/Gameplay/T66TowerDescentHole.cpp","True"
"Source/T66/Gameplay/T66ProjectileManagerSubsystem.h","016FC74B62A492F04A79E78A6B1043E01C3B370E001E8D60E1E208861D418E1E","B0F7223591B7D5C676E1D0FD641BD9D5F5EB9CD34997A5DEBF296C10F669106E","B0F7223591B7D5C676E1D0FD641BD9D5F5EB9CD34997A5DEBF296C10F669106E","","","True"
"Source/T66/Gameplay/T66ProjectileManagerSubsystem.cpp","753BBE339997FBA705694FE3AA02CDF155E41F8B9EA68B1756FFB2CF69563D77","ED0C96484C74014FB34DB8CA6E785C9C8277F22CF35038B446DB66D13B72D8A4","ED0C96484C74014FB34DB8CA6E785C9C8277F22CF35038B446DB66D13B72D8A4","","","True"
"Source/T66/Core/T66ActorRegistrySubsystem.h","30EEDDA2A51A062B7E2BB5077C9817B61CE04E147BC8A9986C40668BF558EFCC","30EEDDA2A51A062B7E2BB5077C9817B61CE04E147BC8A9986C40668BF558EFCC","30EEDDA2A51A062B7E2BB5077C9817B61CE04E147BC8A9986C40668BF558EFCC","","","True"
"Source/T66/Core/T66ActorRegistrySubsystem.cpp","12D3D8E5438E364CC16FFB714544FE44651B2FD9BCF47DA2CE792D93E5D86035","93280DF43ADFE4F1C9E3BD26D5C1EEFA40C1FEC43AAA8E9D454891C496692FB0","93280DF43ADFE4F1C9E3BD26D5C1EEFA40C1FEC43AAA8E9D454891C496692FB0",""," M Source/T66/Core/T66ActorRegistrySubsystem.cpp","True"
"Source/T66/Gameplay/Traps/T66TrapArrowProjectile.h","0D156A628B5A8BA960D22F337DC34241570EBBA2FFF47CBBFEF1F249EDD32518","0D156A628B5A8BA960D22F337DC34241570EBBA2FFF47CBBFEF1F249EDD32518","0D156A628B5A8BA960D22F337DC34241570EBBA2FFF47CBBFEF1F249EDD32518","","","True"
"Source/T66/Gameplay/Traps/T66TrapArrowProjectile.cpp","C9235DF7C21BDA096361A92E586CCB3794ED2E41AC32D60BED66F7B68948C7A4","60D419CFDDDBF20CC959A55A1EA24A8CD1F720B0B3042082D9FC2F7C9F8E7176","60D419CFDDDBF20CC959A55A1EA24A8CD1F720B0B3042082D9FC2F7C9F8E7176",""," M Source/T66/Gameplay/Traps/T66TrapArrowProjectile.cpp","True"
"Source/T66/UI/Gambler/T66CasinoGamblerTabWidget_Economy.cpp","4FD6EED2FB726B8382DA7D794CCF1F5DFCA298C07C30FFEE126FDCF54FD83AD8","D7C50A393A599FE4B85C07F1C349BF990CC5E303A981E88065228E93253B8A6B","D7C50A393A599FE4B85C07F1C349BF990CC5E303A981E88065228E93253B8A6B","","","True"
